Nombre,Apellido,Edad,Fecha_registro,Genero,Salario,Estado Civil
Sofia,Hernández,52.0,02/12/2020,,80403.59,
Luisa,González,45.0,23/05/2004,M,31798.62,No
Luis,López,,18/01/2004,,18404.86,Desconocido
Luis,Rodríguez,23.0,01/12/1995,F,24160.7,Sí
María,Sánchez,-1.0,05/11/2006,F,25483.43,No
Miguel,Sánchez,44.0,20/04/2003,Unknown,87273.2,No
Miguel,Ramírez,65.0,11/07/1997,M,,Desconocido
Luis,López,47.0,06/09/1994,,23140.07,No
Pedro,Flores,65.0,Unknown,Unknown,70975.21,
Ana,Sánchez,56.0,22/12/2007,M,54369.55,Desconocido
,González,58.0,04/11/1990,Unknown,75845.11,No
Luisa,Sánchez,65.0,07/03/2021,F,80391.39,Sí
Laura,García,45.0,02/12/2019,M,99432.18,Sí
Sofia,Hernández,73.0,Unknown,F,30887.45,Sí
María,Hernández,62.0,13/04/2014,F,80603.16,No
Pedro,Martínez,75.0,18/04/1993,Unknown,96287.89,No
,Pérez,68.0,16/05/2017,M,87697.92,
,González,90.0,08/08/2021,M,74097.38,Sí
Pedro,Sánchez,54.0,26/08/2015,,31414.76,
Juan,Martínez,44.0,06/10/2005,M,13582.53,Desconocido
Carlos,Ramírez,49.0,24/04/2016,M,84203.92,
Laura,Flores,64.0,31/07/2011,Unknown,39396.67,Desconocido
Carlos,Flores,61.0,15/11/2021,,13406.07,Sí
Carlos,Ramírez,40.0,01/01/2000,Unknown,69045.67,Sí
Luis,Ramírez,85.0,Unknown,F,49819.55,No
Laura,Rodríguez,47.0,01/10/2005,F,80399.32,Desconocido
Juan,Rodríguez,46.0,Unknown,F,38452.81,No
Pedro,Hernández,40.0,02/12/2013,,17058.87,Sí
Ana,Flores,51.0,27/09/1992,M,999999.0,No
Ana,Sánchez,21.0,25/01/1994,M,34982.6,
Carlos,Sánchez,22.0,22/12/1990,F,18891.94,No
Luisa,Ramírez,43.0,09/03/2005,,48076.25,No
Sofia,Martínez,40.0,05/10/1995,F,60509.22,Sí
,Sánchez,24.0,Unknown,Unknown,69894.56,Sí
Juan,Sánchez,26.0,16/06/1997,F,68281.24,
Luis,Rodríguez,200.0,07/06/2000,M,12368.1,Desconocido
Miguel,Ramírez,46.0,11/08/2022,,37755.48,Sí
Luis,Martínez,44.0,18/06/1997,,75246.2,No
Ana,Pérez,,13/03/1999,,62428.01,Desconocido
Luisa,González,77.0,07/02/1995,,71201.31,Desconocido
Laura,Martínez,70.0,Unknown,M,89038.82,
Miguel,Pérez,72.0,10/08/1991,Unknown,36890.57,No
Sofia,Pérez,51.0,01/02/2016,Unknown,14238.09,Desconocido
Luis,Pérez,38.0,18/12/1991,,18237.18,
Carlos,Rodríguez,64.0,01/07/1991,F,87841.04,Desconocido
Carlos,Rodríguez,46.0,31/03/2017,M,85839.82,Sí
Luisa,Sánchez,66.0,Unknown,F,72545.04,Sí
Laura,González,67.0,23/01/2003,,22791.36,No
María,Rodríguez,74.0,14/08/2006,F,93637.02,No
Laura,López,75.0,02/03/1995,,48558.22,No
Juan,Sánchez,55.0,09/03/2017,F,83568.38,Sí
Juan,López,73.0,24/10/2020,,96060.78,No
Miguel,García,76.0,Unknown,M,23863.44,
Juan,Ramírez,88.0,Unknown,M,70305.0,Desconocido
Luis,Rodríguez,63.0,26/09/2003,,17785.82,No
María,Hernández,18.0,13/07/1995,M,79090.2,No
María,Ramírez,18.0,04/08/2019,M,52243.09,Sí
Laura,Pérez,30.0,13/06/2002,Unknown,46391.72,Desconocido
Luis,Rodríguez,89.0,Unknown,,-5000.0,
María,Pérez,51.0,30/10/1992,M,14678.89,No
Juan,Hernández,36.0,24/03/2016,F,20117.27,Sí
Carlos,Rodríguez,88.0,20/03/2007,F,33308.01,No
Luis,Martínez,78.0,28/09/2018,F,54902.42,Sí
,Rodríguez,24.0,25/07/2010,Unknown,,No
Miguel,Pérez,25.0,08/01/2023,Unknown,39880.12,
Luisa,Hernández,22.0,31/08/2007,M,33656.88,Desconocido
Laura,Martínez,59.0,Unknown,F,56525.79,Desconocido
Juan,Pérez,65.0,24/01/2014,,,
María,Pérez,200.0,30/07/1992,M,63876.08,Desconocido
Luisa,García,69.0,02/12/2005,Unknown,52114.51,
Pedro,Pérez,26.0,14/06/2021,F,15969.64,Desconocido
Pedro,Hernández,32.0,25/11/2020,F,76129.0,Desconocido
María,Sánchez,87.0,28/02/2004,M,90849.35,Desconocido
Miguel,Martínez,54.0,17/11/1998,M,78039.01,No
Carlos,González,,13/06/2023,Unknown,88295.18,Sí
Sofia,Pérez,33.0,26/11/1999,Unknown,46528.54,No
Luis,Rodríguez,54.0,Unknown,M,91736.4,
Miguel,Flores,75.0,06/12/1998,F,22729.72,No
Carlos,Hernández,50.0,21/01/2018,F,48094.2,No
Sofia,García,71.0,Unknown,,83715.35,Desconocido
,González,36.0,02/12/2021,,44456.83,
María,Martínez,49.0,14/11/2019,Unknown,79872.53,Sí
Miguel,López,-1.0,04/06/1996,M,81741.33,No
Pedro,Ramírez,51.0,31/08/1995,M,56981.91,
María,González,58.0,26/12/2013,,16793.46,
Ana,Ramírez,89.0,23/03/1999,F,55988.13,Sí
Ana,Sánchez,89.0,20/07/1997,Unknown,32482.95,Desconocido
Luisa,Martínez,19.0,25/08/2020,F,81393.97,Sí
,López,61.0,27/08/1994,,94494.8,Desconocido
Pedro,Hernández,90.0,14/02/2011,Unknown,-5000.0,
María,Martínez,68.0,19/11/2011,Unknown,10925.66,Sí
Sofia,González,85.0,07/08/2003,M,89072.41,Desconocido
Sofia,Rodríguez,45.0,11/12/2010,,62557.26,No
Miguel,Sánchez,82.0,08/11/2016,M,66136.49,No
Laura,García,81.0,09/10/2004,M,52675.63,No
María,Flores,76.0,31/01/2021,,46453.31,Desconocido
Laura,González,60.0,25/06/2005,Unknown,75205.13,
Miguel,Pérez,39.0,11/10/2012,,64356.68,Sí
Sofia,Martínez,47.0,21/09/2013,Unknown,-5000.0,Desconocido
María,Rodríguez,71.0,31/10/2005,Unknown,81815.8,Sí
,Sánchez,72.0,23/01/2014,,18500.59,
,González,83.0,26/02/2002,Unknown,999999.0,Sí
Ana,Ramírez,-1.0,08/04/2019,M,56762.53,Sí
Ana,Flores,67.0,18/08/1998,,79286.09,No
Pedro,Pérez,51.0,07/07/2015,,23289.83,
Luis,Flores,70.0,26/03/2013,,78442.76,
Miguel,García,24.0,22/01/1997,F,11883.51,Desconocido
Pedro,García,81.0,07/06/1995,M,46983.55,Sí
Pedro,Ramírez,88.0,08/10/2003,M,64429.96,Desconocido
Miguel,Sánchez,64.0,Unknown,M,73620.07,Desconocido
Ana,Flores,82.0,11/07/1995,M,65045.82,
Sofia,Pérez,58.0,27/03/2023,M,52034.39,No
Luis,Sánchez,25.0,Unknown,,22278.38,
Pedro,Flores,55.0,10/11/2018,M,-5000.0,Sí
Carlos,Rodríguez,82.0,29/05/2000,,71672.32,No
Laura,Sánchez,35.0,16/10/2006,,94274.5,Sí
María,Martínez,51.0,21/05/2004,Unknown,43209.33,No
Luisa,Flores,23.0,22/06/2004,Unknown,94169.71,
Miguel,Sánchez,86.0,22/01/2018,Unknown,60791.95,
María,Ramírez,87.0,14/11/1991,M,10477.47,Sí
,Pérez,55.0,18/12/2002,M,69762.31,No
,Pérez,22.0,26/12/1996,M,64313.53,
María,Sánchez,34.0,25/07/2011,Unknown,37381.97,Sí
Miguel,Rodríguez,25.0,12/05/2021,F,27147.48,
Sofia,Hernández,67.0,22/02/1996,M,95808.93,Sí
,Martínez,49.0,18/08/2005,F,44693.78,
Laura,Rodríguez,37.0,23/06/1993,F,69181.83,
Laura,Hernández,30.0,20/08/2002,,94739.34,Desconocido
,García,20.0,09/04/2020,F,98096.88,Desconocido
Luisa,González,54.0,18/05/1995,,82897.61,
María,Sánchez,84.0,11/05/2020,Unknown,29128.31,Desconocido
Miguel,López,42.0,10/03/2020,M,93151.95,Sí
Miguel,Rodríguez,63.0,12/04/2020,Unknown,25083.45,No
Luis,Rodríguez,84.0,10/09/2012,M,95666.95,
Ana,Martínez,63.0,27/05/2010,Unknown,99567.36,
Juan,Pérez,29.0,07/05/2011,,-5000.0,Desconocido
Luis,Ramírez,62.0,12/01/2017,,11193.28,Sí
Luis,González,85.0,Unknown,Unknown,52899.31,No
,Hernández,43.0,22/09/1995,F,41525.64,Sí
Miguel,Hernández,52.0,30/08/2015,M,51558.53,Desconocido
Miguel,López,59.0,23/08/1994,F,45983.88,
Pedro,López,74.0,06/07/1993,F,45743.21,
Luisa,Rodríguez,88.0,06/11/2011,F,48229.63,Sí
Miguel,Rodríguez,55.0,04/03/2003,,50116.33,Desconocido
Luis,García,35.0,12/04/2007,F,96189.69,
María,García,45.0,Unknown,,47567.91,Sí
Carlos,Ramírez,47.0,05/02/2005,,15577.5,
María,Rodríguez,29.0,07/12/2015,,73214.79,No
Miguel,Flores,19.0,16/03/2004,F,88624.13,
Carlos,López,41.0,18/10/2011,,19399.23,
Laura,Pérez,-1.0,Unknown,,35124.13,Sí
Pedro,González,25.0,01/01/1994,,66607.22,No
,Pérez,72.0,11/03/2012,,21313.36,
Sofia,Flores,82.0,19/07/1993,Unknown,84559.77,Desconocido
Luisa,Martínez,23.0,18/07/2001,M,12695.6,No
Carlos,López,82.0,07/07/2018,,50023.32,No
Pedro,Hernández,69.0,20/03/2015,F,71115.0,Sí
Luis,García,52.0,23/06/2013,M,80907.04,Desconocido
Laura,Martínez,73.0,16/09/1998,F,56486.75,Desconocido
Ana,Rodríguez,26.0,22/11/2000,M,28874.93,Desconocido
Ana,Ramírez,54.0,09/08/2003,F,88732.59,Sí
Ana,Pérez,-1.0,09/05/2019,Unknown,98507.14,Sí
Juan,Rodríguez,75.0,28/08/2004,,999999.0,No
María,Martínez,47.0,01/09/2007,M,24217.41,Sí
Juan,Pérez,41.0,Unknown,M,79659.34,
Sofia,González,200.0,Unknown,,42766.87,
Ana,Hernández,86.0,11/02/2005,Unknown,41605.29,
Pedro,Hernández,62.0,18/01/2004,,96736.81,No
Juan,Ramírez,70.0,Unknown,M,90860.64,No
Miguel,González,70.0,20/12/2013,M,44184.46,Desconocido
Luisa,Sánchez,56.0,30/01/2022,M,62493.96,
Pedro,Martínez,35.0,27/08/2012,F,34443.02,Desconocido
Carlos,González,85.0,06/03/2008,M,98592.39,Desconocido
Luisa,Sánchez,200.0,19/11/2020,M,83384.92,Sí
,Sánchez,,07/10/2020,,29743.92,Desconocido
María,López,90.0,11/05/2001,,60867.54,Sí
María,Ramírez,80.0,10/04/1991,,87167.05,Sí
Pedro,González,84.0,23/04/1991,,24783.69,Sí
Juan,Rodríguez,49.0,29/09/1991,F,46629.97,No
Laura,López,,Unknown,Unknown,73593.13,No
,Rodríguez,71.0,01/09/1994,F,51421.48,No
Luisa,Pérez,35.0,30/10/2003,F,58209.69,
,Pérez,57.0,09/02/2018,M,50421.64,Sí
,García,60.0,10/12/2014,Unknown,64598.63,
Luisa,Martínez,85.0,11/11/2009,F,45407.4,Desconocido
Pedro,García,58.0,18/10/2013,M,50986.99,No
Juan,Pérez,24.0,03/01/2011,F,85063.23,Sí
,López,55.0,14/03/1998,M,86826.11,
Miguel,Hernández,78.0,01/04/2004,Unknown,28255.09,Desconocido
Laura,Ramírez,23.0,05/10/2006,Unknown,87112.07,Desconocido
,Martínez,87.0,03/06/2005,,30768.18,
Juan,González,47.0,04/11/1996,Unknown,38965.37,Sí
Miguel,Sánchez,33.0,11/01/1999,,40957.9,
María,Ramírez,200.0,09/09/2021,M,24857.17,Desconocido
Luis,Hernández,57.0,15/12/2011,,90541.06,No
Luis,Pérez,77.0,04/10/2010,Unknown,49505.11,
Laura,Rodríguez,64.0,19/09/1994,M,58209.74,Sí
Pedro,Pérez,45.0,17/02/1998,Unknown,45010.68,No
Laura,López,51.0,23/07/2016,F,-5000.0,No
Laura,Rodríguez,19.0,Unknown,M,28233.3,Sí
Laura,González,30.0,23/09/1999,,27806.27,
María,López,19.0,18/03/1997,,34007.41,Sí
,Hernández,23.0,28/01/1993,Unknown,-5000.0,
Luis,Hernández,58.0,18/11/2001,,90128.42,
Luis,Hernández,63.0,05/05/2013,M,78117.75,Sí
Pedro,Flores,55.0,Unknown,M,49791.89,No
María,Pérez,79.0,23/08/1992,M,72882.01,
María,Flores,28.0,13/03/1994,Unknown,27287.74,
,Hernández,42.0,01/05/2011,Unknown,48777.39,
Luisa,González,67.0,24/01/1997,F,18907.9,
,Pérez,34.0,16/08/2012,M,86060.73,Sí
Laura,Flores,52.0,29/05/2001,,15774.34,
Sofia,Pérez,33.0,29/09/2010,,66879.32,Desconocido
Luisa,Ramírez,31.0,Unknown,F,52657.99,
Luis,López,59.0,21/11/2010,F,10895.24,Desconocido
Pedro,Flores,,25/09/2022,,16008.67,No
,Sánchez,24.0,18/12/2015,,21425.68,Desconocido
Luis,López,22.0,14/10/2013,F,86001.38,Sí
,López,33.0,06/07/2005,Unknown,64799.52,Desconocido
Miguel,García,53.0,18/10/2011,Unknown,76846.74,Sí
Carlos,Sánchez,54.0,Unknown,F,95822.13,No
Miguel,González,70.0,13/09/2001,Unknown,39807.26,
Ana,Rodríguez,72.0,27/09/2004,,41181.01,Sí
Juan,Hernández,22.0,27/04/1992,F,50027.76,Desconocido
Luisa,Sánchez,88.0,07/11/2015,F,63287.9,Desconocido
Laura,Sánchez,46.0,Unknown,M,30049.44,No
Carlos,Flores,37.0,08/10/2011,M,69086.91,No
,González,41.0,01/05/2014,,93732.74,No
Sofia,Martínez,72.0,Unknown,F,87152.41,
Luisa,Rodríguez,82.0,08/04/2006,,95041.51,Sí
,Sánchez,80.0,Unknown,M,29190.53,Desconocido
Juan,González,89.0,Unknown,,45040.41,No
Luis,Flores,65.0,04/10/2015,Unknown,67830.57,
Luisa,Martínez,36.0,28/07/1994,,75645.94,No
Carlos,Flores,44.0,06/09/2020,,52790.88,Desconocido
María,Martínez,37.0,12/07/2015,,74751.47,
Miguel,Ramírez,19.0,12/10/2020,Unknown,82697.01,Sí
Carlos,Flores,41.0,05/02/2018,M,43252.3,Sí
Luis,García,-1.0,05/02/2001,,62091.8,
Miguel,González,47.0,21/09/1992,M,90492.74,
María,Pérez,43.0,10/10/1999,F,67794.86,
Carlos,Flores,32.0,29/09/2022,F,92285.12,Sí
Miguel,Rodríguez,47.0,25/06/2006,M,47193.73,
Miguel,Sánchez,41.0,13/01/2015,Unknown,98157.93,
Juan,Hernández,53.0,06/09/2022,F,10974.9,Desconocido
Carlos,Martínez,85.0,23/11/1992,M,72996.44,No
Miguel,Ramírez,56.0,02/02/2000,M,18322.96,
Luisa,Martínez,81.0,15/06/1998,F,68875.91,No
,Rodríguez,22.0,Unknown,M,88370.25,
María,Ramírez,49.0,21/08/2001,Unknown,33426.8,Sí
Luisa,González,83.0,18/09/2005,M,98479.68,Sí
Sofia,Martínez,23.0,28/12/1998,F,67225.25,Sí
Laura,García,60.0,23/03/2014,,48824.14,Sí
Luis,Flores,42.0,23/11/1991,,12440.67,No
María,López,41.0,18/08/2001,F,45673.49,Desconocido
María,Rodríguez,21.0,28/01/2019,M,38517.94,No
Sofia,Sánchez,46.0,08/11/2005,M,62203.09,
Sofia,García,47.0,29/02/2020,Unknown,19577.57,Desconocido
María,Martínez,18.0,18/03/2023,F,25927.28,
Ana,Martínez,77.0,13/04/2019,M,49176.81,Sí
Pedro,Sánchez,72.0,28/08/2004,Unknown,67595.65,Desconocido
Pedro,Ramírez,52.0,06/06/2011,,74159.03,
Miguel,Flores,37.0,27/10/2000,,98684.32,
,Pérez,77.0,09/04/1990,M,49552.48,Desconocido
Luisa,Flores,25.0,03/09/2005,Unknown,41629.21,No
Luis,Sánchez,37.0,23/11/2017,M,27179.79,Desconocido
Luis,Sánchez,22.0,20/06/2018,,96886.79,Desconocido
Miguel,Sánchez,88.0,18/12/2020,,31480.64,Desconocido
Laura,Ramírez,36.0,05/04/2005,F,93054.56,Sí
Ana,Rodríguez,82.0,02/01/2013,Unknown,13242.71,No
,Sánchez,90.0,22/12/2017,M,15371.01,Desconocido
Miguel,Hernández,25.0,03/07/2015,,-5000.0,Sí
Luisa,González,80.0,10/07/2019,Unknown,32568.18,Desconocido
Luis,Ramírez,81.0,21/09/1995,,19855.71,
Juan,Ramírez,18.0,Unknown,F,88408.71,Desconocido
Luisa,Hernández,41.0,20/05/2014,Unknown,-5000.0,No
Miguel,González,49.0,24/05/2015,M,13095.56,Sí
María,Martínez,89.0,10/12/1999,F,85808.63,Desconocido
Ana,Rodríguez,54.0,10/04/2008,,-5000.0,No
Miguel,Pérez,89.0,03/04/1995,M,77744.4,
Laura,Pérez,83.0,15/03/2004,Unknown,60447.01,No
Laura,Rodríguez,59.0,20/02/1992,Unknown,999999.0,No
Juan,Pérez,81.0,20/11/2014,Unknown,36158.77,Desconocido
Carlos,Hernández,43.0,10/05/1995,,98996.37,Desconocido
Sofia,López,40.0,14/10/2004,F,84005.06,Sí
Carlos,Ramírez,34.0,Unknown,F,63517.9,Sí
Sofia,Rodríguez,51.0,23/04/2023,F,21683.51,Desconocido
María,Rodríguez,33.0,28/09/1998,Unknown,58172.57,
Luis,Ramírez,-1.0,Unknown,M,16641.27,Desconocido
,Hernández,41.0,08/08/2019,Unknown,89030.78,Sí
Miguel,Ramírez,55.0,06/06/2011,Unknown,91921.7,Desconocido
Laura,Hernández,56.0,01/09/2021,M,25233.84,Desconocido
Laura,Ramírez,23.0,17/08/1999,Unknown,74438.63,Sí
Laura,Sánchez,29.0,07/11/1995,Unknown,87125.73,
Ana,Martínez,82.0,29/11/2019,F,55149.99,Desconocido
Ana,Ramírez,23.0,27/04/2005,,37875.85,Desconocido
Luis,Rodríguez,71.0,08/01/1996,M,999999.0,Desconocido
Pedro,Hernández,68.0,Unknown,F,53068.33,
María,Martínez,86.0,25/01/2001,,13248.19,No
,González,82.0,28/04/2013,M,25354.85,Sí
Carlos,López,25.0,13/04/2023,,83386.11,Sí
Luisa,González,60.0,18/08/2020,Unknown,56094.4,
Juan,González,42.0,06/08/2019,,74504.54,
Ana,Rodríguez,50.0,25/11/1998,F,40666.1,Sí
Pedro,Pérez,78.0,02/12/1997,F,59918.82,Desconocido
,Pérez,81.0,10/03/1996,Unknown,999999.0,No
Pedro,Ramírez,64.0,16/07/2016,F,67320.2,Desconocido
Juan,Pérez,58.0,15/02/2009,M,46398.57,
Ana,Martínez,26.0,20/08/1996,Unknown,25649.36,Sí
Pedro,Hernández,44.0,18/02/2023,Unknown,51702.23,Sí
María,Flores,82.0,22/06/2004,F,62165.59,Sí
Pedro,González,52.0,02/10/1996,Unknown,72817.07,Sí
Pedro,Sánchez,,09/06/1999,F,39647.06,Desconocido
Sofia,García,69.0,16/12/2009,Unknown,97712.15,Sí
Ana,Rodríguez,69.0,14/01/2020,,50370.69,
Ana,Pérez,49.0,05/06/2017,F,85311.72,Sí
Laura,González,41.0,02/01/2008,Unknown,30582.67,No
Ana,González,64.0,01/03/2005,Unknown,80317.54,No
Sofia,Pérez,35.0,02/04/2011,,69883.44,No
Pedro,Ramírez,67.0,23/09/1992,M,38892.19,
Laura,Sánchez,26.0,25/09/1997,,87405.24,Desconocido
Juan,López,81.0,21/03/2011,,49973.57,Desconocido
María,López,68.0,09/02/2015,,84752.65,
,Sánchez,19.0,01/05/2020,M,48559.1,Desconocido
Miguel,Flores,,12/04/2015,F,84065.56,No
Pedro,Hernández,31.0,15/03/1991,M,47519.84,No
Sofia,Flores,61.0,17/01/2016,M,22275.11,
Pedro,Sánchez,58.0,25/09/1996,M,62164.09,No
Luisa,López,64.0,05/02/2016,,54218.09,Desconocido
Carlos,Ramírez,86.0,13/08/1994,F,10195.33,
,Ramírez,65.0,12/11/2022,,54163.69,Desconocido
Ana,Pérez,44.0,24/04/2018,Unknown,,No
Laura,García,41.0,31/05/2010,,90144.56,No
Sofia,López,51.0,25/08/2019,F,96288.68,No
María,Ramírez,70.0,04/07/2021,M,51725.58,Sí
Ana,Flores,87.0,15/11/2021,Unknown,38114.55,
Juan,López,33.0,18/05/2005,F,82537.69,No
Sofia,González,88.0,20/04/2011,,18514.56,Sí
Luisa,García,23.0,20/08/2013,F,93184.37,No
Pedro,López,60.0,06/03/1992,F,60521.57,No
Luis,López,65.0,02/11/2016,Unknown,71586.53,Desconocido
Laura,Pérez,75.0,23/07/2002,M,96820.45,Desconocido
Carlos,García,63.0,03/12/2008,M,63397.95,No
Juan,García,84.0,15/08/1993,M,10794.59,No
Luisa,Flores,79.0,16/03/2008,,91086.8,No
Luisa,López,,16/06/2016,,87682.47,Sí
María,Martínez,,14/11/1993,,71464.54,
Pedro,Rodríguez,83.0,11/01/2021,M,53211.34,
,Martínez,51.0,14/10/1999,F,51700.14,Sí
Luisa,Sánchez,89.0,29/04/1990,M,60062.08,Desconocido
Sofia,Rodríguez,61.0,29/06/2000,F,24305.94,Desconocido
Juan,Pérez,20.0,29/08/2014,M,17289.74,Sí
Miguel,López,,27/03/1993,F,23008.71,Sí
Luis,Sánchez,29.0,Unknown,M,23186.2,Desconocido
Carlos,Sánchez,53.0,01/01/2003,F,75256.52,
Pedro,Ramírez,89.0,07/10/2019,M,86878.67,
Miguel,García,67.0,18/01/2021,F,88568.6,Desconocido
Luis,García,50.0,23/10/2021,F,27100.55,No
Miguel,Sánchez,84.0,12/06/1992,,58265.8,No
María,López,79.0,03/03/2020,Unknown,75251.22,No
Ana,García,34.0,07/07/2012,M,71205.47,Sí
Juan,Pérez,,13/08/1997,M,21254.82,No
,Martínez,68.0,03/07/2002,Unknown,15859.26,Desconocido
Sofia,Sánchez,56.0,08/10/2020,M,27110.84,
Miguel,Flores,51.0,31/05/2018,F,56166.41,Desconocido
,Martínez,82.0,01/08/1994,F,43582.47,Desconocido
Luis,Pérez,62.0,27/09/2004,F,27831.39,Sí
Miguel,Hernández,82.0,11/04/1993,F,77099.73,Sí
Laura,Hernández,66.0,16/06/1992,F,29959.09,No
Luisa,Martínez,22.0,08/02/2016,M,62774.74,Desconocido
Luis,García,51.0,15/02/2017,F,89152.87,Sí
,González,55.0,16/01/2012,F,-5000.0,Desconocido
Carlos,Hernández,67.0,04/11/1996,F,97852.47,
Luis,Pérez,49.0,28/10/1991,,95335.29,Sí
Carlos,Rodríguez,80.0,12/10/2008,,32628.94,No
Sofia,González,66.0,19/05/2003,Unknown,81746.02,Desconocido
,Martínez,87.0,29/10/2000,Unknown,60471.34,
Pedro,Pérez,23.0,14/04/2015,M,13102.23,Sí
María,Hernández,26.0,27/07/2006,,86792.77,No
Juan,García,86.0,10/12/2011,M,77395.31,
Carlos,Rodríguez,55.0,15/10/1995,F,81454.48,Sí
Luisa,Hernández,20.0,07/08/2008,M,30999.98,Sí
Juan,Flores,59.0,14/03/2023,Unknown,45733.57,No
Pedro,Sánchez,79.0,12/11/1993,M,20411.76,No
Sofia,Flores,69.0,17/03/2002,F,46983.41,No
,Sánchez,27.0,Unknown,M,84661.94,Sí
Pedro,González,63.0,22/07/1990,M,87093.85,Desconocido
Luisa,López,67.0,15/06/2002,Unknown,66729.62,Desconocido
Pedro,Sánchez,37.0,16/07/2017,,80703.19,Desconocido
Miguel,García,51.0,21/09/1995,F,85055.21,Desconocido
Luis,López,80.0,03/06/2016,Unknown,31730.61,No
Miguel,Flores,64.0,14/03/2008,,50641.05,
María,García,20.0,14/09/1994,,23968.49,Sí
María,Ramírez,85.0,15/08/1999,Unknown,56314.99,No
Luis,Rodríguez,27.0,19/01/2022,F,52202.77,No
Juan,Flores,45.0,Unknown,F,85400.46,
Luisa,Ramírez,43.0,23/05/1997,,65648.63,Sí
Sofia,Rodríguez,41.0,24/11/1998,F,61853.19,No
,Sánchez,-1.0,19/02/2012,,98186.45,Desconocido
Juan,Rodríguez,90.0,22/08/2018,F,27941.83,No
Miguel,Pérez,,25/01/2022,M,90900.64,Sí
,García,81.0,12/07/1999,Unknown,28081.83,Sí
Miguel,Sánchez,68.0,17/01/2006,M,81672.62,
Juan,Sánchez,56.0,24/07/2008,M,37081.85,
Luis,Flores,82.0,07/12/1996,Unknown,58586.25,No
Luis,González,45.0,04/04/2011,F,55008.03,Sí
Luisa,Ramírez,29.0,30/07/2009,,53957.95,Sí
,Martínez,90.0,17/11/1994,M,64962.47,Sí
Luisa,Martínez,78.0,29/01/2007,Unknown,71262.79,Desconocido
Sofia,Martínez,27.0,21/09/2010,,58712.32,Sí
Juan,Pérez,59.0,22/11/1997,F,94549.85,No
,Martínez,85.0,03/01/1999,M,95274.37,
Luis,Martínez,80.0,09/01/2005,,999999.0,No
Carlos,Martínez,39.0,26/03/2011,M,30595.14,Sí
Laura,Ramírez,51.0,16/04/2008,M,84774.13,
,López,51.0,15/04/2012,,38562.27,
,Martínez,73.0,10/09/2000,Unknown,63095.83,Sí
Carlos,González,51.0,18/03/1990,F,45638.51,Sí
Ana,Hernández,29.0,03/10/2009,F,35282.99,Desconocido
Sofia,Rodríguez,68.0,27/08/2020,,96353.26,Sí
Miguel,Sánchez,60.0,29/04/2011,M,26348.72,Sí
Ana,Martínez,86.0,14/06/2011,,10641.97,Desconocido
Carlos,Pérez,45.0,15/02/2018,Unknown,69586.78,
María,Rodríguez,73.0,12/06/2023,F,99800.1,Desconocido
Juan,López,61.0,19/04/2020,Unknown,57114.63,
Luisa,Hernández,67.0,09/10/2006,Unknown,99723.19,
María,Sánchez,84.0,Unknown,,38136.21,No
Luisa,López,70.0,03/01/1998,M,999999.0,No
Luisa,Martínez,78.0,Unknown,M,76009.83,Sí
Luis,García,67.0,01/03/2002,,-5000.0,
,López,45.0,30/04/2020,F,13994.23,Sí
Ana,López,77.0,Unknown,Unknown,999999.0,No
,Rodríguez,34.0,09/09/2015,,46026.41,No
Ana,López,75.0,16/03/2023,M,92627.07,No
Miguel,García,18.0,23/11/1999,Unknown,29184.47,Sí
Luisa,Hernández,56.0,23/10/2008,M,29817.23,
Pedro,Flores,78.0,22/09/2004,M,55646.04,Desconocido
Carlos,Sánchez,58.0,13/12/2011,,10072.29,
Sofia,García,80.0,07/05/2004,M,85980.78,Sí
María,López,46.0,Unknown,M,36806.1,Sí
Pedro,Rodríguez,63.0,25/06/1991,F,94809.01,
Luisa,Ramírez,90.0,11/07/1993,F,15420.06,Desconocido
Luis,González,90.0,Unknown,Unknown,54950.24,Desconocido
Carlos,Martínez,39.0,23/09/1997,Unknown,999999.0,Desconocido
Ana,Rodríguez,84.0,23/07/2012,M,30095.89,Sí
Pedro,González,19.0,24/02/2010,Unknown,53544.06,No
,Sánchez,28.0,02/04/2003,Unknown,47623.19,No
Carlos,Sánchez,39.0,04/02/2010,,10167.67,No
Miguel,Martínez,53.0,28/11/2018,Unknown,14491.02,
,Rodríguez,30.0,30/11/2016,M,64061.82,Desconocido
Laura,García,57.0,Unknown,,36897.77,
Carlos,López,35.0,08/02/2018,F,26907.04,No
Juan,Sánchez,22.0,09/06/2007,F,47616.51,Desconocido
Miguel,Martínez,23.0,31/03/2011,F,30553.0,Sí
Pedro,Martínez,42.0,08/08/2014,M,70849.77,No
Sofia,López,44.0,21/03/2009,M,76798.69,
Carlos,Flores,59.0,10/07/2013,Unknown,14806.92,Sí
Luis,Ramírez,23.0,08/07/2019,Unknown,38852.76,Desconocido
María,Ramírez,53.0,01/08/2002,M,88687.99,
Pedro,Ramírez,53.0,22/08/2005,Unknown,24002.27,No
Luisa,Hernández,39.0,23/05/2002,,15752.58,Sí
Miguel,Pérez,72.0,10/04/2004,Unknown,93584.43,Desconocido
Pedro,Flores,50.0,08/03/1999,F,99818.72,Sí
,Hernández,48.0,25/06/2009,,95998.2,Sí
,Hernández,30.0,Unknown,F,81246.29,Desconocido
Miguel,González,55.0,14/11/2021,,96891.22,Desconocido
Ana,Ramírez,51.0,10/12/1996,,58802.7,Sí
María,Hernández,70.0,17/11/2005,F,16159.71,Desconocido
Miguel,González,79.0,16/08/1999,F,89631.26,No
Pedro,Hernández,60.0,14/12/2015,F,77581.24,No
Miguel,Ramírez,86.0,Unknown,Unknown,14374.12,Desconocido
Carlos,Hernández,36.0,20/07/2005,,17960.57,Sí
María,Ramírez,60.0,27/02/1998,Unknown,65225.59,Sí
Luis,González,,Unknown,F,72779.3,Desconocido
Miguel,Sánchez,84.0,Unknown,F,71041.08,No
Luis,López,27.0,02/01/2001,,92107.03,Sí
María,López,81.0,19/03/2002,,65801.43,Desconocido
Miguel,Ramírez,67.0,26/08/2005,F,56466.45,
Luisa,Rodríguez,,29/06/2011,F,70749.92,
Juan,Flores,42.0,17/11/2000,F,52497.85,Sí
Luisa,Ramírez,49.0,18/05/1996,M,25671.49,Desconocido
Ana,García,32.0,18/04/1998,,59749.82,Desconocido
Laura,González,40.0,12/06/2012,M,43438.09,No
Carlos,González,78.0,02/09/2021,,999999.0,Desconocido
,García,50.0,01/10/1992,Unknown,14809.64,Sí
Ana,Pérez,51.0,12/02/2013,Unknown,44891.97,No
Carlos,Pérez,65.0,05/01/1992,M,86591.24,
Juan,Flores,75.0,22/11/1997,,63546.05,No
,Hernández,37.0,08/04/1999,Unknown,52624.41,Sí
Luisa,Flores,42.0,26/12/2016,M,78693.15,Desconocido
Luis,García,31.0,14/10/2001,F,40158.65,Desconocido
Miguel,Pérez,85.0,01/06/2003,F,74260.95,
Carlos,González,22.0,22/04/2020,M,25453.68,No
,González,54.0,08/04/2000,F,69479.0,
Carlos,Hernández,66.0,31/07/1996,Unknown,89967.22,No
Sofia,Pérez,32.0,29/06/2013,Unknown,42128.88,
Luis,García,74.0,02/06/2003,M,999999.0,
Luis,Hernández,50.0,20/10/2001,,68566.14,
,Rodríguez,36.0,04/07/2004,,31131.18,No
,Martínez,35.0,09/11/1991,M,18050.88,Sí
Laura,Flores,64.0,18/01/1995,Unknown,44485.18,
,Rodríguez,52.0,02/11/1990,M,86255.49,No
Sofia,Martínez,24.0,20/08/1999,Unknown,74046.85,No
Miguel,López,39.0,24/04/2018,,42296.26,
Luisa,Ramírez,57.0,23/08/2004,,81767.66,Sí
Laura,Rodríguez,66.0,02/09/2000,Unknown,20286.22,No
Carlos,García,80.0,13/03/2022,Unknown,70104.8,
Ana,López,23.0,27/04/2017,F,18144.31,No
Laura,Rodríguez,65.0,15/04/2007,M,35859.59,Sí
Miguel,Ramírez,33.0,28/06/2020,,30016.49,Sí
Carlos,Ramírez,41.0,26/02/2015,,66326.44,No
Luis,Hernández,38.0,18/02/1994,M,25855.7,
,Flores,84.0,Unknown,Unknown,71652.88,
Juan,Rodríguez,47.0,08/06/2020,M,98077.25,
Juan,Flores,46.0,14/08/1996,Unknown,89311.01,Desconocido
,Hernández,37.0,12/03/1995,,93547.84,No
,Rodríguez,65.0,24/12/2018,F,97270.67,No
Luis,Rodríguez,80.0,28/07/2014,Unknown,87295.2,Sí
,Martínez,60.0,13/08/2020,,21388.36,
Carlos,Flores,74.0,02/09/2009,Unknown,87218.49,
Luisa,Rodríguez,26.0,05/05/2006,Unknown,37960.55,No
Ana,Rodríguez,20.0,Unknown,Unknown,44658.25,Sí
Miguel,González,40.0,19/10/1992,M,26080.75,No
Laura,Pérez,77.0,13/04/2011,Unknown,14987.34,Desconocido
Laura,Ramírez,31.0,26/05/2015,M,80568.86,
Luis,Pérez,43.0,01/02/2002,,32879.24,Sí
Pedro,González,200.0,26/05/2013,F,45521.55,Desconocido
Juan,Flores,29.0,17/07/1998,,15819.16,Sí
María,Pérez,25.0,Unknown,F,14039.82,Desconocido
Carlos,Rodríguez,68.0,22/04/2002,F,35608.6,No
Ana,Rodríguez,25.0,26/02/2017,F,23919.52,Sí
Sofia,Martínez,78.0,29/12/2017,F,88159.02,
María,García,86.0,15/09/2008,M,38980.9,
Luisa,Hernández,31.0,11/02/1992,M,13019.82,Desconocido
Pedro,Sánchez,70.0,09/02/1995,M,53945.4,No
Juan,Flores,67.0,03/09/1994,Unknown,21180.03,
Luisa,Martínez,57.0,11/05/2019,F,50422.05,
Luisa,García,32.0,01/04/1998,Unknown,86331.89,No
Pedro,García,48.0,27/10/2011,M,999999.0,Sí
María,Hernández,73.0,20/10/2020,,76710.25,
Luisa,Ramírez,75.0,27/05/2009,F,56290.59,Sí
Ana,Rodríguez,30.0,05/11/2003,Unknown,87898.64,Desconocido
Ana,Sánchez,58.0,26/03/1997,M,82781.91,Sí
Ana,Ramírez,22.0,15/01/2002,F,15232.47,
Miguel,Ramírez,77.0,05/05/2012,F,67641.76,Desconocido
,López,-1.0,25/11/1992,Unknown,34113.72,No
,García,36.0,07/09/2010,F,42788.84,Sí
Miguel,Ramírez,65.0,14/05/2013,Unknown,84104.19,Desconocido
Luisa,García,23.0,16/07/2023,F,78614.51,Desconocido
Ana,Sánchez,24.0,17/09/2002,F,50613.02,
Luisa,Martínez,,29/12/2003,M,37001.16,Sí
Pedro,Ramírez,54.0,07/03/2000,Unknown,33494.25,Desconocido
Luisa,Rodríguez,75.0,06/05/1998,,18162.81,
Ana,Ramírez,42.0,26/09/1999,M,26255.21,No
Luis,Rodríguez,87.0,20/05/2010,Unknown,77826.61,No
Laura,García,45.0,31/03/2015,F,-5000.0,Desconocido
Ana,Sánchez,65.0,15/01/2003,Unknown,32003.15,
María,Martínez,22.0,21/09/2021,Unknown,26774.91,Sí
Ana,Pérez,72.0,24/04/2009,Unknown,999999.0,
Sofia,Sánchez,66.0,27/07/2001,,96834.13,No
Juan,Hernández,51.0,03/09/2022,,16606.44,Desconocido
Carlos,Sánchez,19.0,09/01/2010,,15754.87,Desconocido
Luis,Rodríguez,20.0,12/05/1994,,27235.67,Sí
Laura,González,23.0,03/11/2014,,32741.36,Sí
María,Martínez,54.0,07/04/2020,M,74524.0,No
Laura,García,25.0,31/01/1995,M,66797.46,No
Laura,García,59.0,27/09/2021,F,94673.87,Desconocido
Luis,Ramírez,41.0,17/11/2010,Unknown,92614.88,Desconocido
Ana,García,35.0,11/08/2016,,51658.01,Desconocido
Carlos,González,26.0,17/09/2021,M,26335.72,Sí
Laura,Rodríguez,51.0,02/09/2017,F,13322.68,No
Ana,Sánchez,34.0,11/02/1993,F,36444.84,
,Pérez,48.0,Unknown,,,No
Juan,López,86.0,01/03/2007,F,86718.28,
María,González,80.0,14/02/2005,M,80521.8,Desconocido
Laura,Rodríguez,42.0,18/04/2016,Unknown,79098.39,Desconocido
Miguel,González,87.0,02/10/2014,M,57920.24,No
Luisa,García,48.0,10/05/2019,F,94728.89,No
Sofia,Sánchez,76.0,04/10/1996,M,51321.53,No
Juan,Sánchez,83.0,03/11/1997,,46967.8,Sí
Ana,Pérez,37.0,19/12/2019,F,66689.05,
María,García,82.0,22/05/1996,Unknown,71045.7,
Pedro,Pérez,41.0,18/06/2020,F,32244.31,Desconocido
,Rodríguez,86.0,22/11/1990,,35054.29,Desconocido
Pedro,Ramírez,44.0,22/05/2007,Unknown,12769.22,Sí
María,Sánchez,20.0,25/05/2020,,75106.86,No
María,Ramírez,79.0,Unknown,,94384.1,Desconocido
Luis,Flores,81.0,18/07/2017,F,59893.96,No
Sofia,Hernández,62.0,22/09/2003,Unknown,13920.88,Sí
Juan,Ramírez,36.0,15/02/1996,M,59740.56,No
,Sánchez,87.0,19/02/1993,F,46393.98,
Luisa,García,43.0,22/08/2015,Unknown,57001.32,Desconocido
,Flores,47.0,15/05/2022,M,52317.77,Sí
Luis,Flores,31.0,Unknown,M,59885.16,Sí
Carlos,Sánchez,18.0,Unknown,Unknown,44657.47,Sí
Laura,García,83.0,05/01/2013,Unknown,44068.36,Sí
,Flores,85.0,19/05/2008,,52728.83,No
Miguel,García,87.0,04/12/2022,,43068.86,
María,Martínez,33.0,19/02/2005,,65133.64,
Ana,Flores,63.0,09/08/2019,F,34589.01,Sí
Miguel,Sánchez,64.0,Unknown,Unknown,38187.78,Desconocido
Laura,Martínez,58.0,31/03/1990,F,43949.01,Desconocido
Luisa,García,78.0,04/05/2013,Unknown,91510.78,No
Luisa,Pérez,38.0,Unknown,,84531.99,No
,Sánchez,-1.0,28/04/2002,,48570.74,Desconocido
Luis,López,84.0,25/06/2003,Unknown,85124.51,
Sofia,López,28.0,20/10/2008,M,48641.34,Desconocido
Juan,González,69.0,24/11/2022,,54762.9,
Luisa,Martínez,41.0,12/04/2001,M,78024.84,No
María,López,89.0,21/12/2014,F,73024.72,
,González,83.0,26/07/1997,F,78449.32,
Juan,Hernández,86.0,07/07/2023,M,77716.08,Desconocido
Laura,González,90.0,Unknown,M,97839.93,Sí
Sofia,González,31.0,23/12/2014,Unknown,52712.58,Sí
Sofia,Pérez,38.0,29/08/2002,M,83558.33,
Ana,López,43.0,Unknown,F,17498.74,No
Juan,López,72.0,Unknown,,79360.61,
Juan,Rodríguez,42.0,03/07/1993,F,60661.29,Desconocido
María,Pérez,35.0,14/12/2009,F,11859.2,Sí
Pedro,García,33.0,01/04/2003,Unknown,52700.83,No
,Ramírez,49.0,Unknown,M,30646.92,Desconocido
Luis,Flores,41.0,13/07/2017,,74328.49,Sí
,González,87.0,24/11/2000,,24459.58,No
Luis,Rodríguez,,02/11/2009,M,66435.52,
Ana,Rodríguez,80.0,Unknown,,40471.58,Sí
,Rodríguez,71.0,09/03/1990,M,52096.32,No
,Flores,61.0,12/09/2022,Unknown,26490.68,Sí
Ana,García,32.0,19/03/2022,M,59034.22,Sí
Juan,Sánchez,57.0,09/04/2017,Unknown,19047.54,No
Juan,García,67.0,Unknown,M,16819.93,Sí
Luis,Hernández,58.0,03/03/1991,,26361.9,Desconocido
Luis,Sánchez,36.0,19/07/1994,,40008.43,Desconocido
Juan,Sánchez,56.0,18/05/2012,F,12394.44,No
Luisa,Pérez,75.0,Unknown,M,40026.69,No
Ana,López,52.0,29/03/2015,F,46465.45,Sí
Luis,Hernández,51.0,28/05/2006,Unknown,97064.02,No
Laura,Flores,75.0,07/05/1996,Unknown,67550.89,Sí
Ana,Pérez,75.0,16/12/1993,M,95958.6,
Sofia,González,78.0,20/04/1999,,80551.29,Desconocido
Sofia,Martínez,85.0,05/01/2010,Unknown,79044.73,
María,Martínez,69.0,01/10/1995,Unknown,78799.56,Desconocido
Luis,Martínez,84.0,03/09/2018,F,94531.04,
Sofia,Hernández,56.0,Unknown,F,42096.46,Sí
María,López,77.0,23/01/2011,,29727.2,Desconocido
Luisa,López,26.0,04/12/1990,M,21186.57,
Luisa,Ramírez,49.0,10/06/2008,F,51524.68,No
Pedro,Flores,78.0,08/05/2005,,23286.39,Desconocido
,González,78.0,22/05/2016,M,11463.36,No
Carlos,González,25.0,28/07/2018,Unknown,85227.49,No
Sofia,Sánchez,85.0,31/01/2004,F,70699.08,Desconocido
Pedro,Sánchez,200.0,Unknown,,89848.0,Desconocido
Luis,Ramírez,75.0,25/02/2015,F,,
Juan,Rodríguez,43.0,10/03/2002,F,64785.06,Desconocido
Pedro,García,40.0,10/10/2010,M,31617.15,No
María,González,37.0,23/04/2021,M,52024.76,Sí
Carlos,Sánchez,60.0,14/05/2023,Unknown,63928.32,
Luisa,González,-1.0,03/03/2011,Unknown,83202.93,Desconocido
Laura,Sánchez,79.0,27/11/2012,M,36999.69,Desconocido
Carlos,Pérez,67.0,03/08/2021,,75392.9,Desconocido
,Hernández,84.0,30/11/2012,Unknown,70054.75,
,Flores,61.0,14/10/2002,,33309.86,No
Sofia,García,74.0,13/04/2020,Unknown,27249.42,No
Juan,Flores,45.0,08/09/1992,Unknown,22755.38,
,Ramírez,-1.0,09/12/2013,,24294.49,No
Ana,Pérez,68.0,05/11/1995,,54647.59,Desconocido
Miguel,González,89.0,13/04/1998,Unknown,53237.49,No
Carlos,Pérez,88.0,17/05/2000,M,999999.0,Desconocido
Carlos,Hernández,75.0,13/10/1994,,12093.19,
Ana,Ramírez,24.0,14/02/1994,M,20535.1,No
Sofia,Flores,60.0,13/10/2013,,43749.23,Sí
Sofia,Martínez,44.0,Unknown,,96977.92,Desconocido
Miguel,García,28.0,24/10/1990,Unknown,15179.82,
Luis,González,,30/05/2011,M,52977.29,Sí
Sofia,Martínez,74.0,20/12/2008,F,12937.52,No
Carlos,Martínez,46.0,14/08/2007,,47326.18,No
Luis,González,76.0,25/04/2011,M,85276.69,
,López,37.0,29/05/2012,Unknown,28441.01,Desconocido
Ana,Martínez,90.0,05/01/2018,Unknown,81441.9,No
Ana,Rodríguez,50.0,12/12/2016,F,63099.2,No
Miguel,Martínez,73.0,31/12/2017,,90893.6,Sí
,Sánchez,56.0,Unknown,M,97846.1,Sí
Luis,López,200.0,05/01/2010,,79765.44,Desconocido
María,Sánchez,88.0,12/01/1991,,73925.76,
Carlos,Pérez,82.0,27/03/2007,F,77615.66,Desconocido
Juan,Martínez,86.0,04/03/2019,F,29561.41,No
Sofia,García,24.0,30/01/2002,M,25222.99,
María,Ramírez,18.0,03/08/2020,F,73045.22,No
Luis,Flores,83.0,08/04/1994,M,38669.75,No
Pedro,Martínez,57.0,15/06/2008,M,17808.31,
Ana,López,20.0,09/05/2010,Unknown,36805.0,Sí
Laura,González,75.0,27/07/2017,Unknown,23703.71,Desconocido
Sofia,Hernández,47.0,29/12/1998,M,18912.85,Desconocido
Sofia,Martínez,58.0,01/05/2019,M,66422.37,
María,González,73.0,12/04/2011,M,12834.87,No
Juan,Pérez,34.0,06/01/1993,Unknown,63940.46,Sí
Ana,Sánchez,59.0,17/12/2006,F,38975.97,Desconocido
Juan,Flores,33.0,Unknown,M,48325.15,Sí
Carlos,Martínez,51.0,21/09/2000,M,63620.18,No
,Flores,31.0,20/12/2022,F,64814.97,Desconocido
Juan,García,60.0,17/07/2023,F,79429.19,No
Luisa,González,53.0,09/10/1999,,75852.4,Desconocido
Miguel,Hernández,-1.0,24/11/2005,F,18537.36,Sí
Juan,Ramírez,58.0,17/02/2011,M,69650.59,Desconocido
Juan,García,58.0,02/01/2000,F,49838.75,
Ana,García,73.0,30/05/2021,,75322.35,
,González,88.0,26/07/2005,,47202.59,Desconocido
Pedro,Sánchez,48.0,17/04/1996,,-5000.0,Sí
Luisa,Pérez,64.0,05/06/1991,F,32154.58,Desconocido
Miguel,Ramírez,56.0,23/06/1997,M,57171.63,Desconocido
Laura,López,84.0,17/02/2018,F,93013.48,No
María,Flores,57.0,11/03/1990,F,15402.21,Sí
Miguel,Flores,22.0,18/05/2004,F,38264.32,Desconocido
Pedro,López,48.0,21/08/1993,Unknown,59441.23,
Luisa,Sánchez,33.0,02/09/2004,,31603.25,Desconocido
Sofia,Sánchez,73.0,17/12/2000,Unknown,999999.0,Sí
María,Flores,32.0,26/08/2003,F,20975.12,Desconocido
,Flores,,19/05/2015,F,79225.07,Desconocido
María,Rodríguez,76.0,08/03/2020,Unknown,55479.28,No
Pedro,Rodríguez,57.0,27/07/1998,M,72535.83,Sí
,Rodríguez,35.0,Unknown,,72846.69,
Carlos,Sánchez,32.0,13/03/2011,Unknown,23014.96,Desconocido
,Rodríguez,86.0,04/11/2013,M,61259.31,No
Luis,Pérez,29.0,Unknown,F,19898.8,Desconocido
Carlos,Pérez,75.0,25/07/2007,,73271.63,No
María,López,59.0,09/11/2015,,94810.03,Desconocido
Laura,Ramírez,55.0,07/07/1998,,57685.24,Desconocido
Sofia,González,34.0,04/12/1996,M,70908.19,Sí
,Flores,71.0,24/06/2011,Unknown,10132.95,No
Laura,López,18.0,04/01/2005,,76515.01,
Luis,Flores,30.0,06/05/2022,M,67587.64,
Juan,Flores,54.0,06/06/2005,Unknown,38530.72,Desconocido
Juan,García,39.0,15/03/2021,M,46818.96,Desconocido
Pedro,Flores,44.0,20/04/1991,M,49095.11,No
Laura,Hernández,18.0,27/05/2009,M,48395.82,Sí
Luisa,González,44.0,19/11/2022,M,43549.73,Sí
Sofia,Rodríguez,37.0,16/10/2018,F,33289.7,
Miguel,Hernández,90.0,17/10/2003,,77490.53,
Luisa,López,50.0,11/06/1996,Unknown,35468.44,Desconocido
Laura,Sánchez,30.0,25/11/2008,F,23244.87,Desconocido
María,Pérez,88.0,Unknown,F,75292.8,No
Carlos,González,25.0,Unknown,Unknown,12692.29,Desconocido
Luisa,Pérez,29.0,13/11/2008,,84801.79,Desconocido
María,López,21.0,Unknown,F,42012.96,Desconocido
Luis,Sánchez,40.0,26/07/2003,Unknown,90707.13,Desconocido
Luisa,Ramírez,-1.0,08/05/2009,Unknown,60510.65,
Sofia,Ramírez,-1.0,28/10/1993,F,95479.35,No
,Ramírez,,18/01/1999,Unknown,14785.76,Sí
Sofia,Flores,51.0,20/04/1993,F,999999.0,Sí
Luisa,González,43.0,19/05/1996,Unknown,51917.2,
Carlos,González,-1.0,21/02/1991,,13994.56,
Luisa,Ramírez,35.0,17/02/2018,,51340.52,Sí
Luisa,Hernández,56.0,25/10/2007,F,37901.87,
Luisa,Sánchez,65.0,Unknown,M,95859.59,Desconocido
María,Sánchez,78.0,04/05/1993,,87068.93,No
Sofia,Ramírez,49.0,23/10/2001,M,13996.93,
María,Pérez,89.0,02/08/2006,Unknown,51537.61,No
Miguel,Pérez,27.0,26/10/2018,F,96292.07,
Miguel,Rodríguez,43.0,05/01/1990,Unknown,98355.6,
Miguel,Sánchez,,16/11/2018,Unknown,66914.4,Sí
Carlos,López,25.0,27/10/2006,F,,No
Juan,Pérez,88.0,20/06/2016,Unknown,72607.54,
Carlos,López,51.0,08/01/1990,Unknown,25712.82,Sí
Pedro,García,69.0,22/01/2023,Unknown,15918.75,Sí
Luisa,Hernández,25.0,12/11/2018,M,59687.18,Desconocido
Luisa,González,56.0,Unknown,,74248.3,Desconocido
,Flores,31.0,13/06/2007,F,18740.89,Desconocido
Laura,Flores,40.0,08/12/1994,Unknown,89603.85,
Carlos,Ramírez,42.0,Unknown,,28344.62,
Luis,Rodríguez,43.0,19/04/1994,Unknown,79524.45,No
Sofia,González,66.0,09/01/2019,Unknown,87118.43,Sí
Luisa,López,77.0,22/01/2022,F,56445.0,Sí
María,Sánchez,60.0,05/08/2019,Unknown,48422.58,
Juan,Pérez,19.0,21/06/2006,F,11043.8,Sí
Miguel,Martínez,20.0,25/02/1994,M,24459.53,
Luisa,Rodríguez,54.0,11/03/1998,Unknown,78546.48,Sí
Miguel,Flores,85.0,26/12/2018,F,32405.6,
Juan,García,54.0,19/01/2005,,44017.96,Sí
Luis,Rodríguez,200.0,17/02/2014,F,85154.82,
,Sánchez,72.0,01/01/1998,,91015.97,
Pedro,Sánchez,78.0,02/02/2017,Unknown,19768.65,Sí
Carlos,Rodríguez,23.0,11/01/1994,,38766.23,No
Luisa,Martínez,61.0,06/06/1991,F,69256.05,Sí
María,Martínez,84.0,21/08/2003,Unknown,65953.01,Sí
,Ramírez,29.0,12/12/2005,F,69353.11,Desconocido
,Pérez,82.0,11/11/1997,M,97310.45,Desconocido
Luis,García,66.0,21/08/1992,Unknown,90162.1,Sí
María,García,31.0,29/05/2004,F,37779.66,Desconocido
Miguel,López,61.0,10/02/1996,Unknown,20010.82,No
María,Flores,83.0,23/12/2021,M,40283.3,
María,Ramírez,76.0,Unknown,,49713.5,
Miguel,Rodríguez,28.0,12/08/2014,M,59240.37,Sí
Carlos,Ramírez,87.0,24/12/2000,F,11390.06,No
Miguel,Flores,27.0,23/02/2002,,46763.7,
,Sánchez,29.0,21/05/2023,,99456.23,No
Laura,López,47.0,26/02/2021,,46004.4,
Juan,Martínez,88.0,12/10/2006,Unknown,49752.99,Sí
,García,18.0,08/06/1998,M,32334.21,Desconocido
Carlos,González,87.0,Unknown,M,15727.57,Desconocido
,Sánchez,75.0,30/04/2009,,71632.95,
Pedro,García,63.0,14/02/2017,F,29356.73,Desconocido
Juan,González,71.0,19/12/1995,F,30573.84,Desconocido
Pedro,Rodríguez,23.0,06/04/2018,M,70647.6,Sí
Luisa,Ramírez,28.0,20/04/1990,M,35379.54,Desconocido
Miguel,Martínez,29.0,07/11/2009,Unknown,94538.32,No
Laura,Pérez,34.0,31/08/2010,,65669.55,No
Carlos,González,85.0,20/04/1998,M,52210.03,
,Hernández,27.0,18/02/2001,,97100.22,No
,Sánchez,24.0,27/10/2006,F,50140.76,Sí
Luisa,García,-1.0,08/12/2000,,65148.68,Sí
Carlos,Hernández,71.0,02/02/2000,Unknown,27742.93,Sí
Luis,Ramírez,46.0,18/09/1994,F,60675.57,
Miguel,Pérez,87.0,07/04/2009,,59046.63,
Juan,Martínez,88.0,18/02/2020,M,94457.18,No
María,Martínez,54.0,Unknown,,95465.05,Sí
Pedro,González,55.0,19/06/2016,,34276.71,Desconocido
Miguel,Hernández,82.0,20/01/2004,M,30911.99,Sí
Juan,Rodríguez,84.0,01/04/2012,,23128.67,
Pedro,Pérez,28.0,24/02/2017,F,76671.46,Sí
,Flores,42.0,24/12/2005,,67888.91,No
,Pérez,40.0,25/07/1996,Unknown,13523.09,Sí
Carlos,Hernández,35.0,26/10/2005,F,91296.17,No
Sofia,González,27.0,Unknown,F,73458.73,Desconocido
Luis,González,77.0,10/09/2008,Unknown,36425.32,
,Flores,42.0,29/04/2013,F,-5000.0,No
Sofia,Rodríguez,85.0,Unknown,Unknown,63668.86,
,Ramírez,50.0,12/07/2000,Unknown,78999.94,No
Carlos,Pérez,24.0,10/03/2013,M,24167.27,Desconocido
Carlos,Martínez,37.0,10/03/2018,Unknown,33226.39,Desconocido
Carlos,González,74.0,31/01/2013,Unknown,58449.61,Sí
Carlos,Flores,21.0,04/05/2014,Unknown,50001.48,No
Miguel,Martínez,59.0,27/07/1991,M,19186.63,
Carlos,Sánchez,34.0,Unknown,F,88921.02,Desconocido
María,Sánchez,18.0,04/05/2001,F,18359.97,No
Luisa,Sánchez,77.0,Unknown,Unknown,21221.7,Desconocido
,Sánchez,,12/11/2011,Unknown,63751.22,
Laura,Sánchez,37.0,26/02/1992,M,58661.33,No
Pedro,Rodríguez,31.0,Unknown,Unknown,96614.46,No
Juan,García,70.0,13/12/2009,,99105.53,Desconocido
Miguel,Hernández,89.0,Unknown,M,49528.48,
Ana,Pérez,25.0,30/11/1995,F,52228.45,No
Luisa,Rodríguez,32.0,06/12/2008,,22381.94,
Pedro,Sánchez,46.0,18/04/1991,F,20565.14,Sí
Juan,González,51.0,09/10/1992,Unknown,43129.55,Sí
Laura,Martínez,76.0,24/05/1990,M,98865.6,
Sofia,García,45.0,12/04/2011,,85643.72,Desconocido
Laura,López,52.0,03/06/2011,F,25785.56,No
Pedro,Ramírez,56.0,16/08/2003,M,64907.08,Sí
María,Rodríguez,75.0,30/04/2012,M,83566.49,Sí
Juan,García,60.0,30/11/2003,M,41832.91,Desconocido
Sofia,Flores,87.0,02/07/2007,F,60719.08,
,Martínez,79.0,18/01/2006,,16237.23,Sí
Juan,González,69.0,30/10/1992,Unknown,44666.21,No
Sofia,González,81.0,30/09/1992,F,86597.84,Desconocido
María,González,86.0,03/01/1994,Unknown,84953.05,Desconocido
Miguel,Flores,84.0,22/12/2018,F,23643.35,Desconocido
Juan,Rodríguez,62.0,05/01/2013,Unknown,10478.42,Desconocido
María,Rodríguez,28.0,10/11/2005,M,69741.19,Desconocido
Juan,Ramírez,24.0,Unknown,Unknown,24977.07,Desconocido
Pedro,Pérez,89.0,27/03/2018,M,31513.69,Sí
Luisa,Rodríguez,38.0,05/02/2010,F,14631.3,
Juan,Ramírez,28.0,29/04/1996,F,56136.41,No
Ana,Flores,50.0,11/07/1995,,39294.22,Sí
Luisa,Hernández,40.0,30/10/2006,Unknown,10668.65,Sí
Miguel,Hernández,42.0,19/03/2003,F,34263.82,Desconocido
,García,200.0,25/08/2000,M,56136.6,
María,González,25.0,Unknown,,85990.45,Desconocido
Luisa,Pérez,58.0,24/09/2006,F,53621.21,
María,Hernández,24.0,02/06/2019,Unknown,25633.1,
Luisa,García,53.0,11/03/2002,M,51731.76,Sí
Laura,García,34.0,11/12/2007,F,46461.66,Desconocido
Carlos,Flores,67.0,02/12/1995,M,25815.22,Sí
Laura,Flores,50.0,29/11/1997,M,81078.03,
Ana,López,75.0,16/05/2011,M,999999.0,No
María,Sánchez,72.0,10/01/2016,F,29973.59,Desconocido
Luisa,Ramírez,53.0,22/01/1999,,18600.13,Desconocido
Pedro,Sánchez,48.0,22/09/1997,Unknown,74882.57,Desconocido
Ana,Rodríguez,85.0,26/04/1997,F,38085.1,Sí
Laura,González,90.0,15/02/2023,,-5000.0,Desconocido
Luisa,Martínez,34.0,13/03/1990,Unknown,22659.45,No
Sofia,Ramírez,41.0,18/02/2012,F,58816.64,No
Luis,Flores,36.0,20/12/2015,,96901.36,
Pedro,Martínez,27.0,07/09/2014,F,19841.2,Sí
Luisa,López,83.0,22/02/1998,,84180.67,Sí
Carlos,González,82.0,20/04/2011,F,51807.62,Desconocido
Ana,Pérez,20.0,11/10/1993,,24184.85,
María,López,84.0,20/04/1992,F,36924.37,Sí
Pedro,Hernández,60.0,08/03/2017,F,22142.9,Desconocido
Miguel,Martínez,43.0,10/06/1990,F,10674.45,
Luis,Pérez,43.0,02/10/2011,F,94797.52,No
Sofia,López,82.0,15/03/2003,F,49600.86,No
María,López,72.0,04/01/1992,F,64587.92,No
Carlos,Flores,48.0,15/10/2003,F,61105.37,No
Luis,Rodríguez,73.0,21/09/2016,Unknown,76512.34,Desconocido
Miguel,García,90.0,Unknown,M,11711.65,Desconocido
Pedro,Hernández,23.0,28/11/1993,,20402.99,
Laura,Hernández,77.0,03/06/2016,Unknown,64132.49,No
Pedro,García,38.0,29/06/2017,F,85813.75,
Juan,Rodríguez,88.0,24/05/2000,,28477.38,Sí
Juan,Ramírez,84.0,14/09/1994,F,87932.37,Sí
María,Ramírez,51.0,18/06/1995,F,24585.02,No
,García,,Unknown,M,38900.96,Desconocido
Sofia,García,81.0,06/03/2017,M,49549.54,
Luis,Ramírez,68.0,27/05/2016,Unknown,31782.22,Sí
Pedro,García,71.0,07/03/1991,M,31045.12,
Pedro,Pérez,50.0,14/08/2018,F,12088.03,Desconocido
Miguel,González,75.0,06/07/1995,M,37601.2,Desconocido
,Pérez,20.0,14/01/2000,Unknown,83526.01,No
Miguel,Ramírez,65.0,22/09/2010,F,51463.99,Desconocido
María,Sánchez,78.0,Unknown,M,95532.92,Sí
Luis,Flores,44.0,19/06/2009,M,82955.51,Sí
Luis,Pérez,62.0,25/07/2018,M,43863.68,Desconocido
María,Pérez,21.0,30/12/2017,,60987.5,
Luis,Rodríguez,79.0,30/04/2005,F,999999.0,No
Luis,Flores,39.0,07/06/2008,M,57969.85,No
Juan,Pérez,45.0,05/10/2021,Unknown,16731.24,
Sofia,López,36.0,01/03/2002,M,45975.74,Sí
Sofia,García,19.0,28/03/1995,Unknown,62477.55,Sí
,Sánchez,54.0,23/02/2019,M,84803.83,Sí
María,Flores,65.0,11/08/1993,M,62948.85,Sí
Sofia,Flores,71.0,11/09/2004,,82797.73,
Luis,García,85.0,01/11/2018,M,43794.14,Sí
Miguel,Flores,43.0,22/03/2014,F,42850.52,No
Carlos,Sánchez,66.0,10/10/1996,Unknown,84309.63,Desconocido
María,Martínez,73.0,16/07/1994,M,38664.23,Sí
,Hernández,35.0,06/04/2003,M,70470.52,Desconocido
Ana,Rodríguez,72.0,02/05/2010,M,65410.06,
Luisa,Rodríguez,41.0,21/08/2006,Unknown,94593.57,No
,González,26.0,04/12/1998,Unknown,50468.21,
Sofia,Hernández,19.0,12/10/1995,Unknown,57747.53,Desconocido
Miguel,Rodríguez,28.0,14/12/1998,Unknown,61186.89,Sí
Carlos,Ramírez,61.0,05/03/1995,F,18921.56,Desconocido
Laura,Flores,70.0,Unknown,Unknown,15714.14,
Ana,González,65.0,11/09/2018,M,34883.47,Desconocido
Miguel,López,37.0,Unknown,M,89133.32,Sí
,Ramírez,50.0,Unknown,F,32333.22,Sí
Carlos,González,61.0,05/11/2014,M,33125.6,Sí
Laura,Rodríguez,67.0,14/03/1995,Unknown,14321.03,
Juan,López,18.0,22/05/2017,,65892.13,Sí
Luis,Sánchez,19.0,16/06/2005,M,80523.06,Sí
Ana,Pérez,64.0,10/09/2020,F,80561.24,
Juan,Pérez,76.0,01/03/1996,Unknown,58858.72,No
Sofia,López,33.0,25/07/2014,,70611.49,Sí
Luis,Ramírez,51.0,02/10/2014,Unknown,74393.84,
Sofia,Rodríguez,63.0,31/05/2006,Unknown,50785.94,
Laura,Ramírez,68.0,22/11/2006,M,74330.63,
Juan,López,78.0,06/07/2000,,66273.4,Sí
Juan,López,36.0,15/03/2017,F,25640.18,Desconocido
Luis,Ramírez,81.0,11/04/2001,M,88350.05,
Sofia,Pérez,44.0,04/04/1997,Unknown,31715.29,No
Laura,López,87.0,21/08/1998,,43336.3,Sí
Sofia,Martínez,30.0,08/04/1996,F,79189.55,
Carlos,Pérez,86.0,08/09/2007,,86659.44,Desconocido
Juan,Martínez,34.0,20/08/2019,Unknown,67416.27,Desconocido
Luis,Hernández,59.0,20/01/1997,M,59905.09,No
Luisa,Hernández,70.0,15/01/2016,,22656.3,No
Ana,Sánchez,18.0,08/09/2013,F,73477.33,
,Hernández,65.0,04/05/2023,F,64036.31,Desconocido
María,González,50.0,23/03/2007,Unknown,45007.82,No
Carlos,Flores,81.0,16/03/2013,F,37420.25,Sí
Luis,Sánchez,82.0,13/07/2011,M,49490.49,Sí
Miguel,Martínez,36.0,01/12/2004,Unknown,63445.57,Sí
Sofia,Rodríguez,82.0,18/08/2001,M,76873.79,Sí
Miguel,López,42.0,17/05/2001,F,11653.46,No
Carlos,López,71.0,20/01/2019,F,93185.89,
Laura,López,82.0,13/06/2013,M,46682.96,Desconocido
María,López,84.0,25/06/1993,F,89777.26,
Ana,Sánchez,35.0,26/09/1997,M,51540.38,Desconocido
,Flores,30.0,14/01/2020,F,48870.25,Desconocido
Sofia,García,69.0,28/11/2009,Unknown,83023.39,Sí
Ana,González,87.0,06/03/2021,F,33866.59,Desconocido
Miguel,Ramírez,34.0,15/01/2005,Unknown,88291.37,No
Sofia,Rodríguez,51.0,18/10/2010,M,51942.01,No
Pedro,González,31.0,07/07/2004,F,64089.03,No
Laura,Flores,62.0,11/09/2017,,,
Miguel,Martínez,78.0,17/01/2022,,61924.91,Sí
Juan,García,29.0,27/04/2019,Unknown,96207.58,Desconocido
Sofia,Ramírez,66.0,02/07/1999,F,57161.57,Desconocido
Pedro,Martínez,90.0,27/11/1999,F,90596.29,
Luisa,Flores,200.0,14/11/2019,M,21144.46,Sí
Juan,Ramírez,79.0,13/12/2012,F,,
Miguel,Pérez,34.0,19/04/2023,Unknown,30579.08,Sí
Laura,Hernández,65.0,23/11/2002,F,46554.68,Sí
,López,61.0,09/09/2014,Unknown,38429.13,Sí
Sofia,Rodríguez,56.0,08/04/2015,,47066.71,
Laura,Flores,39.0,Unknown,F,71580.48,No
Pedro,Martínez,200.0,30/03/2019,M,70018.57,No
Miguel,Sánchez,43.0,07/01/2018,Unknown,62230.02,Desconocido
María,Ramírez,46.0,06/04/2007,Unknown,80724.45,
Pedro,Rodríguez,45.0,11/02/2001,Unknown,60546.73,
Ana,López,88.0,29/01/2020,M,38790.4,Desconocido
Carlos,López,55.0,01/01/2008,M,52098.74,Sí
María,Sánchez,32.0,11/07/2007,M,-5000.0,Desconocido
Sofia,Flores,75.0,19/08/2015,M,45905.13,Desconocido
Luis,Sánchez,47.0,03/06/2014,M,46299.56,
Pedro,García,65.0,06/11/2007,Unknown,77328.08,Sí
Juan,Pérez,62.0,27/05/2021,F,79335.93,Desconocido
,Martínez,34.0,23/10/1997,F,51714.59,
Laura,Pérez,47.0,01/09/2005,,24078.75,Sí
Carlos,López,87.0,02/08/2014,Unknown,46818.05,Desconocido
Laura,Flores,78.0,26/12/2006,M,25873.68,No
